{
    "loss": 1.2310481071472168,
    "accuracy": 0.8881034851074219
}