{
    "loss": 2.9902539253234863,
    "accuracy": 0.7962123155593872
}